{"cameraMode":{"drawMode":0,"name":"Shaded","section":"Shading Mode"},"sceneLighting":true,"audioPlay":false,"sceneViewState":{"showFog":true,"showMaterialUpdate":false,"showSkybox":true,"showFlares":true,"showImageEffects":true,"showParticleSystems":true},"in2DMode":false,"pivot":{"x":0.0329437255859375,"y":2.0923919677734377,"z":-2.2043280601501467},"rotation":{"x":-0.07300969213247299,"y":0.6732395887374878,"z":-0.06707946956157685,"w":-0.7327502369880676},"size":6.112767696380615,"orthographic":false}