{"cameraMode":{"drawMode":0,"name":"Shaded","section":"Shading Mode"},"sceneLighting":true,"audioPlay":false,"sceneViewState":{"showFog":true,"showMaterialUpdate":false,"showSkybox":true,"showFlares":true,"showImageEffects":true,"showParticleSystems":true},"in2DMode":false,"pivot":{"x":0.8768055438995361,"y":1.6149102449417115,"z":3.899142026901245},"rotation":{"x":0.023438535630702974,"y":0.21455170214176179,"z":-0.005150217562913895,"w":0.9764183759689331},"size":4.2247443199157719,"orthographic":false}