{"cameraMode":{"drawMode":0,"name":"Shaded","section":"Shading Mode"},"sceneLighting":true,"audioPlay":false,"sceneViewState":{"showFog":true,"showMaterialUpdate":false,"showSkybox":true,"showFlares":true,"showImageEffects":true,"showParticleSystems":true},"in2DMode":false,"pivot":{"x":4.277512073516846,"y":0.9838395714759827,"z":-2.0001373291015627},"rotation":{"x":0.025844315066933633,"y":0.6955384016036987,"z":-0.02505018748342991,"w":0.717587947845459},"size":4.2247443199157719,"orthographic":false}